primary_rank,target,hyper_split,search_method,split,seed,test_size,model,descriptor,descriptor_family,RMSE_test,MAE_test,R2_test,Spearmanr_test,RMSE_train,RMSE_gap
1,ddg,seed_1_test_0-2,optuna,seed_1_test_0-2,1,0.2,xgb,rdkit_xtb_acsf,all,0.2184182355327973,0.1514382060852936,0.9426653582915152,0.9389427629216052,0.0790061435477316,0.1394120919850657
2,ddg,seed_1_test_0-2,optuna,seed_1_test_0-2,1,0.2,xgb,rdkit_soap,rdkit+geometry,0.2282638834506285,0.1544626868235585,0.937379905683546,0.9244892850534931,0.0914849575844091,0.13677892586621943
3,ddg,seed_1_test_0-2,optuna,seed_1_test_0-2,1,0.2,xgb,soap_xtb,xtb+geometry,0.2376955266346818,0.1642171102566956,0.9320981931150388,0.9181767721291672,0.0806935432922112,0.1570019833424706
4,ddg,seed_1_test_0-2,optuna,seed_1_test_0-2,1,0.2,xgb,soap_acsf,geometry,0.2383765600933516,0.1551970393716936,0.9317085379103124,0.9193304382843028,0.0470782266092326,0.19129833348411898
5,ddg,seed_1_test_0-2,optuna,seed_1_test_0-2,1,0.2,rf,soap_xtb,xtb+geometry,0.2413660294422235,0.1653355591363581,0.9299849172383512,0.9190039289951134,0.1326844722833038,0.1086815571589197
6,ddg,seed_1_test_0-2,optuna,seed_1_test_0-2,1,0.2,lgb,rdkit_xtb,rdkit+xtb,0.2450955008643287,0.1713087909575021,0.9278045226301,0.9274496359421428,0.1217894964266475,0.12330600443768121
7,ddg,seed_1_test_0-2,optuna,seed_1_test_0-2,1,0.2,lgb,soap_xtb,xtb+geometry,0.2466190521475556,0.1711691793590469,0.9269041766010208,0.9202228970080868,0.0904866621468922,0.15613239000066342
8,ddg,seed_1_test_0-2,optuna,seed_1_test_0-2,1,0.2,xgb,rdkit_soap_xtb_acsf,all,0.2475689102388336,0.1616094610698836,0.926340032302696,0.9188515579934916,0.0680576569320382,0.1795112533067954
9,ddg,seed_1_test_0-2,optuna,seed_1_test_0-2,1,0.2,lgb,rdkit_soap_xtb_acsf,all,0.247698022718702,0.1691212444479359,0.926263181772222,0.9213112613053844,0.0880895631119775,0.15960845960672448
10,ddg,seed_1_test_0-2,optuna,seed_1_test_0-2,1,0.2,lgb,rdkit_acsf,rdkit+geometry,0.2480738722822689,0.1658619915465863,0.9260392399191136,0.9129526235021388,0.1541480429709959,0.093925829311273
11,ddg,seed_1_test_0-2,optuna,seed_1_test_0-2,1,0.2,xgb,acsf_xtb,xtb+geometry,0.2488934756046258,0.1688431634497984,0.9255497194237636,0.9213547958772762,0.0718733170217078,0.177020158582918
12,ddg,seed_1_test_0-2,optuna,seed_1_test_0-2,1,0.2,xgb,rdkit_xtb,rdkit+xtb,0.2520681488510647,0.1736524433159627,0.9236383580518072,0.9284944656675485,0.0788902761987314,0.1731778726523333
13,ddg,seed_1_test_0-2,optuna,seed_1_test_0-2,1,0.2,rf,soap_xtb_acsf,xtb+geometry,0.2524015819894927,0.1772901618517597,0.9234362036570368,0.9240757066205202,0.1560863133440975,0.09631526864539519
14,ddg,seed_1_test_0-2,optuna,seed_1_test_0-2,1,0.2,xgb,rdkit_soap_xtb,all,0.2535012836028104,0.1749785692687273,0.9227675806510764,0.9164353892534912,0.0363407607319345,0.2171605228708759
15,ddg,seed_1_test_0-2,optuna,seed_1_test_0-2,1,0.2,rf,soap_acsf,geometry,0.2543835030006038,0.1680706914356452,0.9222290863385788,0.9172190115475454,0.1071350890043674,0.1472484139962364
16,ddg,seed_1_test_0-2,optuna,seed_1_test_0-2,1,0.2,rf,rdkit_acsf,rdkit+geometry,0.2554501863623295,0.1699015573300346,0.921575499399422,0.9387468573480916,0.1398983294553393,0.11555185690699021
17,ddg,seed_1_test_0-2,optuna,seed_1_test_0-2,1,0.2,xgb,soap_xtb_acsf,xtb+geometry,0.2565067981985178,0.1638102095257293,0.9209253872865568,0.911037102338895,0.1143664991314779,0.1421402990670399
18,ddg,seed_1_test_0-2,optuna,seed_1_test_0-2,1,0.2,rf,acsf_xtb,xtb+geometry,0.2568933320615599,0.1829304913657569,0.920686890333096,0.9258170894961965,0.1420370948983956,0.11485623716316429
19,ddg,seed_1_test_0-2,optuna,seed_1_test_0-2,1,0.2,xgb,rdkit_acsf,rdkit+geometry,0.2577097513739277,0.1722937671722832,0.920181967549675,0.9407712149410652,0.0849814407300355,0.1727283106438922
20,ddg,seed_1_test_0-2,optuna,seed_1_test_0-2,1,0.2,rf,rdkit_soap,rdkit+geometry,0.2577499795974062,0.1611307192578414,0.920157046581478,0.9159129743907882,0.1298061925434838,0.1279437870539224
21,ddg,seed_1_test_0-2,optuna,seed_1_test_0-2,1,0.2,lgb,rdkit_xtb_acsf,all,0.2592378469662221,0.1926706308266843,0.9192325956801672,0.916936036830248,0.093174909457705,0.16606293750851708
22,ddg,seed_1_test_0-2,optuna,seed_1_test_0-2,1,0.2,rf,xtb,xtb,0.2615002531840923,0.1809169041901877,0.9178167065290004,0.931345980126468,0.1070307060027792,0.15446954718131312
23,ddg,seed_1_test_0-2,optuna,seed_1_test_0-2,1,0.2,xgb,xtb,xtb,0.2618130445037476,0.1800831195709821,0.917619983239866,0.916914269544302,0.1170476705840546,0.144765373919693
24,ddg,seed_1_test_0-2,optuna,seed_1_test_0-2,1,0.2,xgb,rdkit_soap_acsf,rdkit+geometry,0.2619756133217411,0.1748374215229336,0.9175176462467916,0.9122560703518684,0.0767230870862531,0.185252526235488
25,ddg,seed_1_test_0-2,optuna,seed_1_test_0-2,1,0.2,lgb,rdkit_soap,rdkit+geometry,0.2695557265621101,0.1822014475757131,0.9126754333056676,0.907880845876732,0.104867015697048,0.1646887108650621
26,ddg,seed_1_test_0-2,optuna,seed_1_test_0-2,1,0.2,lgb,rdkit_soap_xtb,all,0.2703810950014434,0.1820996488060128,0.912139846193592,0.9121472339221386,0.1062380493930863,0.16414304560835713
27,ddg,seed_1_test_0-2,optuna,seed_1_test_0-2,1,0.2,rf,rdkit_xtb,rdkit+xtb,0.2704814102772626,0.1949737603510426,0.9120746393375418,0.9234009207561956,0.1446488284313034,0.1258325818459592
28,ddg,seed_1_test_0-2,optuna,seed_1_test_0-2,1,0.2,lgb,soap_xtb_acsf,xtb+geometry,0.2737368321943741,0.169613240325337,0.9099454234767574,0.9052470042772718,0.0757456764773427,0.1979911557170314
29,ddg,seed_1_test_0-2,optuna,seed_1_test_0-2,1,0.2,rf,rdkit_soap_xtb,all,0.2739234929981795,0.1970227739718782,0.9098225653962548,0.9036144578313254,0.1425892342772231,0.1313342587209564
30,ddg,seed_1_test_0-2,optuna,seed_1_test_0-2,1,0.2,rf,rdkit_xtb_acsf,all,0.2766015420772282,0.1956576017388357,0.9080506828948652,0.909709297896192,0.1421178037882537,0.1344837382889745
31,ddg,seed_1_test_0-2,optuna,seed_1_test_0-2,1,0.2,lgb,rdkit_soap_acsf,rdkit+geometry,0.2772854426327478,0.1889961001922436,0.90759542925078,0.9080549841642996,0.088339170460355,0.1889462721723928
32,ddg,seed_1_test_0-2,optuna,seed_1_test_0-2,1,0.2,lgb,acsf_xtb,xtb+geometry,0.2782326020335278,0.1825325566547782,0.9069630748304572,0.924097473906466,0.0689074097574532,0.2093251922760746
33,ddg,seed_1_test_0-2,optuna,seed_1_test_0-2,1,0.2,rf,rdkit_soap_acsf,rdkit+geometry,0.2801391820342533,0.1995969759414424,0.9056836410548093,0.9065530414340288,0.1406784101546899,0.1394607718795634
34,ddg,seed_1_test_0-2,optuna,seed_1_test_0-2,1,0.2,rf,rdkit_soap_xtb_acsf,all,0.2878058394769837,0.2062472119380857,0.900450629786979,0.906030626571326,0.146769127751269,0.1410367117257147
35,ddg,seed_1_test_0-2,optuna,seed_1_test_0-2,1,0.2,xgb,rdkit,rdkit,0.2937087130137703,0.1904003730585526,0.8963252552790875,0.8985209129199727,0.1984307276511605,0.09527798536260979
36,ddg,seed_1_test_0-2,optuna,seed_1_test_0-2,1,0.2,lgb,rdkit,rdkit,0.3047938359096027,0.1830785703861961,0.8883518134385877,0.9016554020961898,0.1713881829333557,0.13340565297624699
37,ddg,seed_1_test_0-2,optuna,seed_1_test_0-2,1,0.2,rf,rdkit,rdkit,0.3070195280199286,0.1788034362878322,0.8867152857426102,0.9004364340832165,0.1861757452037004,0.1208437828162282
38,ddg,seed_1_test_0-2,optuna,seed_1_test_0-2,1,0.2,lgb,xtb,xtb,0.3072798438259892,0.2202591854729971,0.8865231005496531,0.894776939737269,0.1694785877763041,0.13780125604968513
39,ddg,seed_1_test_0-2,optuna,seed_1_test_0-2,1,0.2,lgb,soap_acsf,geometry,0.320291260900747,0.1894746517892465,0.8767095344627883,0.8869842513686182,0.0798306817128706,0.2404605791878764
40,ddg,seed_1_test_0-2,optuna,seed_1_test_0-2,1,0.2,xgb,acsf,geometry,0.3281126735545857,0.2213747781197135,0.8706145843506404,0.8587303142107727,0.1227427053804104,0.20536996817417527
41,ddg,seed_1_test_0-2,optuna,seed_1_test_0-2,1,0.2,lgb,acsf,geometry,0.3391341821463329,0.2400240496143161,0.8617763219027688,0.8555087558907719,0.1232219753573535,0.21591220678897938
42,ddg,seed_1_test_0-2,optuna,seed_1_test_0-2,1,0.2,rf,acsf,geometry,0.3783051994914786,0.2584992240865124,0.828001786976291,0.8679596434518564,0.2092197285810044,0.1690854709104742
43,ddg,seed_1_test_0-2,optuna,seed_1_test_0-2,1,0.2,xgb,soap,geometry,0.6727988421824573,0.5211685057352694,0.4559863648916501,0.6085153622620565,0.6807823162815871,-0.007983474099129806
44,ddg,seed_1_test_0-2,optuna,seed_1_test_0-2,1,0.2,lgb,soap,geometry,0.6773741681855738,0.5248916884123505,0.4485621457852488,0.6107356254285435,0.6844236969268707,-0.007049528741296829
45,ddg,seed_1_test_0-2,optuna,seed_1_test_0-2,1,0.2,rf,soap,geometry,0.7067364719902327,0.5087785115551939,0.3997193799101691,0.5377063810798751,0.7046474346628894,0.002089037327343335
